<?xml version="1.0"?>
<doc>
    <assembly>
        <name>Xbim.Ifc2x3.IO</name>
    </assembly>
    <members>
        <member name="M:Xbim.Ifc2x3.IO.IfcRepresentationItemExtensions.SurfaceStyle(Xbim.Ifc2x3.GeometryResource.IfcRepresentationItem)">
            <summary>
            Returns the first IfcSurfaceStyle associated with the representation item
            </summary>
            <param name="repItem"></param>
            <returns></returns>
        </member>
        <member name="P:Xbim.Ifc2x3.IO.XbimModel.AutoAddOwnerHistory">
            <summary>
            If true OwnerHistory properties are added modified when an object is added or modified, by default this is on, turn off with care as it can lead to models that do not comply with the schema
            The main use is for copy data between models where the owner history needs to be preserved
            </summary>
        </member>
        <member name="M:Xbim.Ifc2x3.IO.XbimModel.ReloadModelFactors">
            <summary>
            Reloads the model factors if any units or precisions are changed
            </summary>
        </member>
        <member name="M:Xbim.Ifc2x3.IO.XbimModel.CreateModel(System.String,Xbim.IO.Esent.XbimDBAccess)">
            <summary>
             Creates and opens a new Xbim Database
            </summary>
            <param name="dbFileName">Name of the Xbim file</param>
            <param name="access"></param>
            <returns></returns>
        </member>
        <member name="P:Xbim.Ifc2x3.IO.XbimModel.IfcProducts">
            <summary>
            Returns all products in the model, including federated products
            </summary>
        </member>
        <member name="M:Xbim.Ifc2x3.IO.XbimModel.AddModelReference(System.String,System.String,System.String)">
            <summary>
            Adds a model as a reference or federated model, do not call inside a transaction
            </summary>
            <param name="refModelPath"></param>
            <param name="organisationName"></param>
            <param name="organisationRole"></param>
            <returns></returns>
        </member>
        <member name="M:Xbim.Ifc2x3.IO.XbimModel.AddModelReference(System.String,Xbim.Ifc2x3.ActorResource.IfcActorSelect)">
            <summary>
            adds a model as a reference model can be called inside a transaction
            </summary>
            <param name="refModelPath">the file path of the xbim model to reference, this must be an xbim file</param>
            <param name="owner">the actor who supplied the model</param>
            <returns></returns>
        </member>
        <member name="M:Xbim.Ifc2x3.IO.XbimModel.LoadReferenceModels(System.Boolean)">
            <summary>
            All reference models are opened in a readonly mode.
            Their children reference models is invoked iteratively.
            
            Loading referenced models defaults to avoiding Exception on file not found; in this way the federated model can still be opened and the error rectified.
            </summary>
            <param name="throwReferenceModelExceptions"></param>
        </member>
        <member name="M:Xbim.Ifc2x3.IO.XbimModelSummary.GetGrossFloorArea(Xbim.Ifc2x3.ProductExtension.IfcBuilding)">
            <summary>
            Gets the Gross Floor Area, if the element base quantity GrossFloorArea is defined this has precedence
            If no property is defined the GFA is returned as the sume of the building storeys GFA
            </summary>
            <param name="building"></param>
            <returns></returns>
        </member>
    </members>
</doc>
